date,sentiment_value,sentiment_class,trades,active_accounts,volume_usd,closed_pnl,fees,net_after_fees,realized_fills,win_rate,pnl_per_realized_fill,pnl_margin_bps
2023-05-01,63.0,Greed,3,1,477.0,0.0,0.0,0.0,0,,,0.0
2023-12-05,75.0,Extreme Greed,9,1,50005.83,0.0,12.501455,-12.501455,0,,,0.0
2023-12-14,72.0,Greed,11,1,113203.34999999999,-205.43473700000007,28.300831,-233.73556800000006,6,0.6666666666666666,-34.23912283333335,-18.14740791681519
2023-12-15,70.0,Greed,2,1,10609.95,-24.632033999999997,2.652489,-27.284522999999997,2,0.0,-12.316016999999999,-23.215975570101644
2023-12-16,67.0,Greed,3,1,15348.77,0.0,3.837189,-3.837189,0,,,0.0
2023-12-17,73.0,Greed,14,1,116278.01999999999,304.982785,29.069498999999997,275.91328599999997,11,0.6363636363636364,27.725707727272724,26.228756303211902
2023-12-18,65.0,Greed,2,1,31164.179999999997,0.0,7.791045,-7.791045,0,,,0.0
2023-12-19,73.0,Greed,15,1,91602.40999999999,1000.5386120000001,22.900596000000004,977.6380160000001,10,1.0,100.0538612,109.22623236659388
2023-12-20,74.0,Greed,18,1,141636.79000000004,162.732282,35.40918700000001,127.323095,8,1.0,20.34153525,11.4894076602555
2023-12-21,70.0,Greed,49,1,125233.97000000003,537.211402,31.308468999999995,505.902933,27,0.9629629629629629,19.896718592592592,42.89661998258139
2023-12-22,74.0,Greed,10,1,88874.27999999998,141.832675,22.218566,119.614109,2,1.0,70.9163375,15.958798766077209
2023-12-23,70.0,Greed,13,1,78438.25,146.93670400000002,19.609555,127.32714900000002,8,1.0,18.367088000000003,18.732787128728653
2023-12-24,71.0,Greed,39,1,402954.94,1008.6199559999999,100.73871500000001,907.8812409999998,17,0.8823529411764706,59.33058564705882,25.03058917704297
2023-12-25,73.0,Greed,3,1,59948.51,-245.081348,14.987124999999999,-260.068473,1,0.0,-245.081348,-40.88197488144409
2023-12-27,73.0,Greed,28,1,171411.05999999994,-704.8892269999999,42.85274699999999,-747.7419739999999,13,0.3076923076923077,-54.222248230769225,-41.12273892944832
2023-12-28,73.0,Greed,23,1,100117.24999999999,-970.7308760000001,25.0293,-995.7601760000001,13,0.0,-74.67160584615385,-96.95940270033388
2023-12-29,65.0,Greed,50,1,569559.7199999999,508.922143,142.38990100000004,366.532242,20,0.75,25.44610715,8.93536050969335
2023-12-30,68.0,Greed,52,1,702550.2100000001,354.9986479999998,175.637526,179.36112199999977,33,0.696969696969697,10.75753478787878,5.053000382705739
2024-01-01,65.0,Greed,18,1,264239.52999999997,-129.53146,66.059867,-195.591327,6,0.16666666666666666,-21.58857666666667,-4.902047017719114
2024-01-02,71.0,Greed,17,1,121348.74,783.9791160000001,30.337176000000003,753.6419400000001,9,0.8888888888888888,87.10879066666668,64.60545993308213
2024-01-03,70.0,Greed,67,1,394499.36000000004,866.0155070000001,98.624811,767.390696,35,0.8,24.743300200000004,21.952266462485515
2024-01-04,68.0,Greed,5,1,99792.54000000001,-67.60364,24.948132,-92.551772,3,0.0,-22.534546666666667,-6.774418208014346
2024-01-05,72.0,Greed,66,1,1703942.66,164.14156499999999,425.98563899999994,-261.844074,23,0.5652173913043478,7.136589782608695,0.9633045104933284
2024-01-06,70.0,Greed,22,1,298521.4,135.58166400000002,74.63034200000001,60.951322000000005,12,0.8333333333333334,11.298472000000002,4.54177368858648
2024-01-07,71.0,Greed,97,1,1048850.0599999998,-835.681235,262.2124639999999,-1097.893699,37,0.24324324324324326,-22.585979324324324,-7.967594862892034
2024-01-08,71.0,Greed,128,1,1522452.4299999988,-269.8744390000002,380.61306400000007,-650.4875030000003,67,0.47761194029850745,-4.02797670149254,-1.7726296972050577
2024-01-09,76.0,Extreme Greed,70,1,870051.9700000001,-826.349863,204.01292800000002,-1030.362791,28,0.6428571428571429,-29.512495107142858,-9.497706935828212
2024-01-10,73.0,Greed,193,1,2057479.4799999993,-1517.0913420000002,434.04486499999985,-1951.136207,83,0.4939759036144578,-18.27820893975904,-7.373543001264833
2024-01-11,76.0,Extreme Greed,21,2,305314.1,-164.089501,75.86717100000001,-239.95667200000003,9,0.5555555555555556,-18.232166777777778,-5.374448838098209
2024-01-12,71.0,Greed,7,1,200082.27,-1925.519024,49.480726999999995,-1974.9997509999998,2,0.0,-962.759512,-96.23636437151579
2024-01-15,52.0,Neutral,14,2,50636.09999999999,152.85358,12.652712000000001,140.20086799999999,9,1.0,16.983731111111112,30.186681043761276
2024-01-16,64.0,Greed,9,2,116427.33,-2299.171458,17.319308999999997,-2316.490767,5,0.6,-459.8342916,-197.47695476654837
2024-01-17,60.0,Greed,53,1,800831.0300000001,813.2741110000001,159.707606,653.566505,19,0.5789473684210527,42.80390057894737,10.155377108701693
2024-01-18,63.0,Greed,46,1,424631.53,68.93319,92.657901,-23.724711,9,0.3333333333333333,7.6592433333333325,1.623364849991238
2024-01-19,51.0,Neutral,48,2,428428.9700000001,-385.4192349999999,93.051868,-478.4711029999999,27,0.2222222222222222,-14.274786481481478,-8.996105818894549
2024-01-20,52.0,Neutral,106,1,1070090.5099999998,-146.57486999999998,267.5225830000002,-414.0974530000002,32,0.46875,-4.580464687499999,-1.3697427332572083
2024-01-21,56.0,Greed,11,1,103129.73999999999,266.581146,25.78243,240.79871599999998,5,0.6,53.316229199999995,25.849104826599973
2024-01-22,55.0,Greed,85,2,337878.98999999993,1375.6409589999996,67.478268,1308.1626909999995,41,0.5609756097560976,33.55221851219511,40.71401299619132
2024-01-23,50.0,Neutral,45,1,414518.93,-369.2447299999998,85.72457,-454.96929999999975,20,0.55,-18.46223649999999,-8.907789325809555
2024-01-24,48.0,Neutral,68,1,965084.59,-2808.353814999999,227.7710950000001,-3036.124909999999,40,0.25,-70.20884537499998,-29.09956126229307
2024-01-25,52.0,Neutral,6,1,66566.12999999999,-3093.629385,16.641532,-3110.2709170000003,6,0.0,-515.6048975,-464.7452668496727
2024-01-26,49.0,Neutral,5,2,11773.21,90.2,0.444235,89.755765,1,1.0,90.2,76.61461912256726
2024-01-28,54.0,Neutral,11,1,18109.03,-2478.06972,-0.36217600000000005,-2477.707544,11,0.0,-225.27906545454545,-1368.4165965819263
2024-01-29,55.0,Greed,74,2,414208.18,486.5625419999999,103.26260500000006,383.29993699999983,45,1.0,10.81250093333333,11.746811518787482
2024-01-30,61.0,Greed,49,1,401011.38000000006,-173.65419099999997,100.25281000000001,-273.907001,19,0.2631578947368421,-9.139694263157892,-4.3304055610591385
2024-01-31,60.0,Greed,859,1,6305647.129999995,-799.8408169999998,1549.4114750000044,-2349.252292000004,436,0.5298165137614679,-1.8344972866972473,-1.2684515966563459
2024-02-01,63.0,Greed,6,1,2008.18,0.0,0.502044,-0.502044,0,,,0.0
2024-02-02,63.0,Greed,42,1,474278.42999999993,456.4234729999999,91.56963599999999,364.8538369999999,21,0.6190476190476191,21.73445109523809,9.623534281329217
2024-02-03,60.0,Greed,56,1,603820.0,223.30918699999998,109.66234900000002,113.64683799999996,12,0.5,18.609098916666664,3.698274104865688
2024-02-04,60.0,Greed,35,1,203187.53,47.62389499999998,50.52687999999999,-2.902985000000008,28,0.32142857142857145,1.7008533928571423,2.343839457076917
2024-02-05,60.0,Greed,72,1,770198.26,-33.454194000000044,165.549465,-199.00365900000003,32,0.4375,-1.0454435625000014,-0.434358213169685
2024-02-06,64.0,Greed,1088,1,8047153.410000001,-215.61590700000013,988.606996999999,-1204.222903999999,523,0.3422562141491396,-0.41226750860420674,-0.2679405946605411
2024-02-07,62.0,Greed,15,1,6758.73,241.24212,0.339693,240.902427,2,1.0,120.62106,356.93409856585487
2024-02-08,66.0,Greed,10,1,26051.12,770.7560239999999,3.0028870000000003,767.7531369999999,4,1.0,192.68900599999998,295.86291261181856
2024-02-11,71.0,Greed,34,1,212311.82,983.443176,24.955292000000007,958.487884,7,1.0,140.4918822857143,46.320698301206214
2024-02-12,70.0,Greed,16,1,227247.7,913.8817870000004,27.111911,886.7698760000004,15,0.4,60.92545246666669,40.215227128811435
2024-02-13,79.0,Extreme Greed,14,1,1999.99,559.44389,-0.039992,559.483882,14,1.0,39.960277857142856,2797.2334361671806
2024-02-14,74.0,Greed,111,2,320839.8800000002,3830.599833,22.917473999999995,3807.6823590000004,84,0.9880952380952381,45.60237896428572,119.39288323508904
2024-02-15,72.0,Greed,63,2,185188.04,1840.7976770000014,30.706297000000003,1810.0913800000014,60,0.95,30.679961283333355,99.40154218382577
2024-02-16,72.0,Greed,182,2,564896.5099999998,5491.768834000004,27.22517,5464.543664000004,146,1.0,37.61485502739729,97.21725549340013
2024-02-17,76.0,Extreme Greed,94,2,406118.0699999998,1929.6418,62.055053,1867.586747,65,0.9384615384615385,29.686796923076926,47.51430538414607
2024-02-18,72.0,Greed,97,1,157048.16999999987,477.6248299999999,-3.140925,480.7657549999999,68,0.8970588235294118,7.023894558823528,30.41263263366904
2024-02-19,75.0,Extreme Greed,101,2,286377.2000000001,4317.768563000001,14.852619999999998,4302.915943000002,79,0.9746835443037974,54.6552982658228,150.77207832886137
2024-02-20,72.0,Greed,39,2,119419.71999999997,3263.628824,3.0736750000000006,3260.555149,32,0.96875,101.98840075,273.29061096442035
2024-02-21,78.0,Extreme Greed,22,2,108047.52,1858.7985699999997,2.970629,1855.8279409999998,15,1.0,123.91990466666665,172.03528317910485
2024-02-22,74.0,Greed,88,2,373033.87,3894.105069999999,25.452580000000005,3868.652489999999,54,0.7407407407407407,72.11305685185184,104.39012066116139
2024-02-23,76.0,Extreme Greed,143,1,111106.14000000003,1418.5529299999992,-2.0670689999999996,1420.619998999999,138,0.9927536231884058,10.279369057971008,127.67547590079168
2024-02-25,74.0,Greed,5,1,4480.13,-30.7705,-0.08960000000000001,-30.680899999999998,2,0.0,-15.38525,-68.68215877664264
2024-02-26,72.0,Greed,39,2,192187.13999999998,4416.8473,-0.09772499999999981,4416.945025,34,1.0,129.90727352941178,229.82012740290537
2024-02-27,79.0,Extreme Greed,63,2,209362.29999999993,888.5117330000003,-3.761609,892.2733420000003,42,0.6190476190476191,21.155041261904767,42.438955485299914
2024-02-28,82.0,Extreme Greed,45,1,171107.12999999995,2503.747235,-1.3771519999999997,2505.124387,39,1.0,64.19864705128205,146.3262948189243
2024-02-29,80.0,Extreme Greed,116,2,395666.7299999999,9813.996992,1.359084999999999,9812.637907,100,1.0,98.13996992,248.03695251304052
2024-03-01,80.0,Extreme Greed,137,1,472974.6999999999,8244.241409000002,-0.5468539999999982,8244.788263000002,128,1.0,64.40813600781252,174.30618189514163
2024-03-02,80.0,Extreme Greed,31,2,63197.56000000001,230.90060000000022,-0.4691289999999996,231.36972900000023,28,0.75,8.246450000000008,36.536315642565974
2024-03-03,83.0,Extreme Greed,79,1,390745.68000000017,8361.086245000002,-2.507103,8363.593348000002,54,1.0,154.834930462963,213.9777014297381
2024-03-04,82.0,Extreme Greed,300,2,1577996.87,27799.775741999987,-0.5594489999999968,27800.335190999987,270,0.9851851851851852,102.96213237777773,176.1712983752622
2024-03-05,90.0,Extreme Greed,180,1,841810.3200000001,19791.026041,-4.438459000000003,19795.464500000002,163,1.0,121.41733767484664,235.10077710855336
2024-03-06,75.0,Extreme Greed,82,1,327218.02,6814.825139,-3.3553179999999996,6818.1804569999995,72,1.0,94.65034915277778,208.26558204221146
2024-03-08,81.0,Extreme Greed,67,1,183583.18,4271.886236,-3.671628999999999,4275.557865000001,59,1.0,72.40485145762712,232.6948599539457
2024-03-09,84.0,Extreme Greed,117,1,658178.7499999999,9949.501623999995,1.8517640000000017,9947.649859999996,107,0.9065420560747663,92.98599648598126,151.16716581931576
2024-03-10,79.0,Extreme Greed,42,1,219973.85,2482.9272,2.2810720000000018,2480.646128,38,0.7631578947368421,65.34018947368422,112.87374385637202
2024-03-11,82.0,Extreme Greed,42,1,176519.44999999998,3588.179495,8.47289,3579.706605,39,1.0,92.00460243589744,203.27388823158014
2024-03-12,81.0,Extreme Greed,8,1,103040.85,3039.1659999999997,4.945952999999999,3034.220047,7,1.0,434.1665714285714,294.9476833702361
2024-03-13,81.0,Extreme Greed,7,1,6000.799999999999,0.0,2.1002780000000003,-2.1002780000000003,0,,,0.0
2024-03-14,88.0,Extreme Greed,18,2,205933.18,3465.8658319999995,11.716792,3454.1490399999993,16,1.0,216.61661449999997,168.30050563003007
2024-03-15,83.0,Extreme Greed,62,3,351894.41000000003,6236.513650999999,49.48500300000003,6187.0286479999995,41,1.0,152.11008904878048,177.22684628607766
2024-03-16,81.0,Extreme Greed,8,2,37223.66,228.57984,10.52828,218.05156,1,1.0,228.57984,61.407137288488016
2024-03-17,79.0,Extreme Greed,23,3,99506.94999999998,503.29395499999987,33.763329,469.53062599999987,10,1.0,50.32939549999999,50.57877414592649
2024-03-18,77.0,Extreme Greed,19,3,90458.08000000002,1456.9577,24.943279999999998,1432.01442,6,1.0,242.82628333333332,161.06440685011216
2024-03-19,79.0,Extreme Greed,24,3,219884.84,668.797973,25.988312,642.809661,7,0.7142857142857143,95.54256757142856,30.415829167667944
2024-03-20,74.0,Greed,69,2,215705.8500000001,6423.134598999999,39.87883800000001,6383.255760999999,60,1.0,107.05224331666665,297.7728512694485
2024-03-21,78.0,Extreme Greed,28,3,117895.56999999993,2335.5080749999997,16.394750000000002,2319.113325,23,1.0,101.54382934782608,198.09973139788045
2024-03-24,74.0,Greed,19,1,92592.21000000002,1297.0184769999998,8.888837,1288.1296399999999,15,1.0,86.46789846666665,140.07857432066905
2024-03-25,75.0,Extreme Greed,7,1,57116.32,1302.916428,19.990712000000002,1282.925716,6,1.0,217.152738,228.11631211534635
2024-03-26,81.0,Extreme Greed,118,2,198565.18999999977,3215.9065930000006,28.147403000000015,3187.7591900000007,110,1.0,29.23551448181819,161.95721883578912
2024-03-27,83.0,Extreme Greed,38,2,99864.79000000001,150.41114000000002,31.717952,118.69318800000002,19,0.631578947368421,7.916375789473685,15.0614786252492
2024-03-28,80.0,Extreme Greed,13,2,35323.72,227.85100799999998,9.059229000000002,218.79177899999996,9,1.0,25.316778666666664,64.50368420993031
2024-03-29,79.0,Extreme Greed,15,1,86914.37000000002,883.097404,30.42002999999999,852.677374,6,1.0,147.18290066666665,101.60545419589415
2024-03-30,75.0,Extreme Greed,45,1,101103.91999999998,1100.5751400000001,9.939453999999998,1090.635686,44,1.0,25.013071363636367,108.85583269174928
2024-03-31,75.0,Extreme Greed,13,1,39912.95999999999,912.7861449999998,13.969522000000001,898.8166229999998,10,1.0,91.27861449999997,228.6941747743089
2024-04-01,79.0,Extreme Greed,77,2,339470.46999999986,2507.9634059999994,83.751362,2424.2120439999994,43,0.9767441860465116,58.32473037209301,73.87869130413613
2024-04-02,79.0,Extreme Greed,41,2,239664.50999999995,883.760812,80.13257399999998,803.628238,12,1.0,73.64673433333333,36.87491368663638
2024-04-03,71.0,Greed,4,2,16887.57,126.7884,1.661201,125.12719899999999,1,1.0,126.7884,75.0779419419135
2024-04-04,70.0,Greed,32,1,95987.73000000001,0.0,33.59568499999999,-33.59568499999999,0,,,0.0
2024-04-05,79.0,Extreme Greed,100,3,503791.7999999999,10706.484305999995,103.43013800000011,10603.054167999995,90,1.0,118.96093673333327,212.51803435466792
2024-04-06,75.0,Extreme Greed,16,1,68223.67,236.33513399999998,23.878276999999997,212.45685699999999,4,1.0,59.083783499999996,34.641222613793715
2024-04-07,78.0,Extreme Greed,23,1,49988.13999999999,0.0,17.495845000000003,-17.495845000000003,0,,,0.0
2024-04-08,76.0,Extreme Greed,30,2,211940.64,1218.4267,61.790547999999994,1156.636152,1,1.0,1218.4267,57.48905448242488
2024-04-09,80.0,Extreme Greed,3,1,57063.840000000004,0.0,19.972341,-19.972341,0,,,0.0
2024-04-10,78.0,Extreme Greed,41,1,351735.97,5207.443414,123.107562,5084.335852,36,1.0,144.65120594444446,148.04978330763274
2024-04-11,76.0,Extreme Greed,16,1,76400.96,389.743164,26.740328999999996,363.002835,2,1.0,194.871582,51.01286214204637
2024-04-12,79.0,Extreme Greed,129,3,442088.59000000026,-592.6458390000005,97.56087500000002,-690.2067140000005,101,0.7029702970297029,-5.867780584158421,-13.405590019864572
2024-04-13,72.0,Greed,89,2,486411.25000000006,6621.451755000001,118.99917599999993,6502.452579000001,61,1.0,108.54838942622952,136.12867208560658
2024-04-14,72.0,Greed,107,2,659162.1699999995,-36104.01251999999,213.47740399999995,-36317.48992399999,74,0.44594594594594594,-487.89206108108095,-547.7257974316096
2024-04-15,74.0,Greed,41,2,291111.19000000006,3774.08872,40.65060400000001,3733.4381160000003,35,1.0,107.83110628571428,129.64423387503584
2024-04-16,65.0,Greed,47,2,181907.17,2467.702221,18.457685,2449.244536,43,1.0,57.38842374418605,135.6572267602206
2024-04-17,67.0,Greed,14,1,97562.98999999999,2441.4683999999997,10.620963,2430.847437,13,1.0,187.8052615384615,250.24534405925854
2024-04-19,66.0,Greed,35,1,337257.91999999987,1946.4454620000001,118.04026,1828.4052020000001,27,1.0,72.09057266666667,57.71385478508558
2024-04-20,66.0,Greed,22,2,60733.23999999999,0.0,121.289047,-121.289047,0,,,0.0
2024-04-22,73.0,Greed,9,1,47993.61,0.0,16.797764,-16.797764,0,,,0.0
2024-04-23,71.0,Greed,66,2,233054.89999999997,1119.536196,71.308476,1048.22772,35,1.0,31.98674845714286,48.03744508268224
2024-04-24,72.0,Greed,20,1,141275.24000000002,279.18590699999993,49.44631599999999,229.73959099999993,7,0.8571428571428571,39.88370099999999,19.761842697984438
2024-04-25,72.0,Greed,74,2,120241.01000000001,0.0,160.15951199999998,-160.15951199999998,0,,,0.0
2024-04-26,70.0,Greed,3,1,4988.290000000001,0.0,1.745898,-1.745898,0,,,0.0
2024-04-27,67.0,Greed,27,1,154264.46999999997,4281.488139,53.99255,4227.495589,19,1.0,225.34148100000002,277.5420768631948
2024-04-28,65.0,Greed,58,2,43985.60000000001,0.0,15.394946000000004,-15.394946000000004,0,,,0.0
2024-04-29,67.0,Greed,45,2,108699.01000000002,526.933836,38.044630000000005,488.88920600000006,17,1.0,30.996108000000003,48.476415378576114
2024-04-30,67.0,Greed,24,1,125018.75000000001,0.0,43.75655,-43.75655,0,,,0.0
2024-05-01,54.0,Neutral,14,1,87025.45000000001,0.0,30.458908000000005,-30.458908000000005,0,,,0.0
2024-05-03,48.0,Neutral,36,3,282682.6500000001,5306.017045,98.91068099999998,5207.106363999999,19,0.8947368421052632,279.264055,187.70225356950624
2024-05-04,67.0,Greed,9,2,58998.75000000001,0.0,20.649558999999996,-20.649558999999996,0,,,0.0
2024-05-05,69.0,Greed,6,2,24068.350000000002,0.916,8.412778,-7.496777999999999,1,1.0,0.916,0.380582798571568
2024-05-06,71.0,Greed,9,1,206016.43,968.59038,72.105746,896.484634,4,1.0,242.147595,47.0152006808389
2024-05-07,68.0,Greed,18,3,108717.58,883.537693,38.03906100000001,845.4986319999999,9,1.0,98.17085477777778,81.26907285831784
2024-05-08,64.0,Greed,13,2,65973.57,1.56576,23.076825999999997,-21.511065999999996,2,0.5,0.78288,0.23733140407590494
2024-05-09,55.0,Greed,28,2,221966.12,1147.595856,77.68813200000001,1069.907724,11,1.0,104.32689599999999,51.701397312346586
2024-05-10,66.0,Greed,22,1,156882.00000000003,2101.7416949999997,54.90869,2046.8330049999997,6,1.0,350.29028249999993,133.96958828928743
2024-05-11,53.0,Neutral,9,1,63248.95,251.60474199999996,22.137125,229.46761699999996,9,1.0,27.95608244444444,39.78006623034849
2024-05-12,56.0,Greed,23,2,55179.560000000005,0.0,19.312828999999997,-19.312828999999997,0,,,0.0
2024-05-13,57.0,Greed,28,2,193118.90000000002,2136.8538590000003,67.59159899999999,2069.2622600000004,10,1.0,213.68538590000003,110.64964946465624
2024-05-14,66.0,Greed,23,1,145853.4,1150.5233050000002,51.048685,1099.4746200000002,4,1.0,287.63082625000004,78.88217244164348
2024-05-15,64.0,Greed,36,1,234922.56999999995,948.9705820000001,82.22288699999999,866.7476950000001,17,1.0,55.82179894117648,40.39503662845168
2024-05-16,70.0,Greed,27,2,162620.96,214.58980000000003,56.917320000000004,157.67248,5,1.0,42.91796000000001,13.195703678049867
2024-05-18,73.0,Greed,25,1,126303.14000000001,3522.394661,44.206092000000005,3478.188569,16,1.0,220.1496663125,278.8841719216165
2024-05-19,72.0,Greed,8,1,29998.090000000004,0.0,10.499327,-10.499327,0,,,0.0
2024-05-20,70.0,Greed,10,2,38124.75,-74.818442,13.343661999999998,-88.162104,3,0.0,-24.939480666666668,-19.624638063200415
2024-05-21,76.0,Extreme Greed,125,2,1100948.59,7289.3975720000035,385.33194399999996,6904.065628000004,25,0.56,291.5759028800001,66.21015402726482
2024-05-22,76.0,Extreme Greed,6,1,44995.29,0.0,15.748349000000001,-15.748349000000001,0,,,0.0
2024-05-23,76.0,Extreme Greed,325,3,401850.5999999999,413.3473290000001,113.43007900000003,299.9172500000001,156,0.9294871794871795,2.649662365384616,10.286094608294729
2024-05-24,74.0,Greed,2,1,50811.899999999994,821.949278,17.784165,804.165113,2,1.0,410.974639,161.76314564108017
2024-05-25,76.0,Extreme Greed,16,2,29991.129999999997,14.126038999999997,10.246887000000001,3.879151999999996,5,1.0,2.8252077999999994,4.710072278036872
2024-05-26,75.0,Extreme Greed,16,2,53976.67,778.6839,18.768191,759.915709,4,1.0,194.670975,144.26304920255362
2024-05-27,74.0,Greed,251,1,151115.71999999997,1129.3558700000006,45.83246600000002,1083.5234040000005,93,0.967741935483871,12.14361150537635,74.7345061122695
2024-05-29,72.0,Greed,164,2,84268.75999999995,277.7919529999999,36.876599000000006,240.91535399999992,71,0.9577464788732394,3.912562718309858,32.96499829830178
2024-05-30,73.0,Greed,7,1,2838.0899999999997,20.951433,0.993326,19.958107000000002,5,1.0,4.1902866,73.82229950424406
2024-05-31,73.0,Greed,13,1,3636.14,25.35812,1.272646,24.085473999999998,4,1.0,6.33953,69.73911895581578
2024-06-01,72.0,Greed,25,1,12834.619999999999,91.51041899999998,4.492106,87.01831299999998,9,1.0,10.167824333333332,71.29967151345345
2024-06-02,73.0,Greed,93,1,29464.510000000002,192.906947,7.792911999999999,185.114035,34,1.0,5.6737337352941175,65.47095030597828
2024-06-03,73.0,Greed,70,1,21466.859999999993,562.8082079999999,5.378086000000001,557.4301219999999,44,1.0,12.791095636363634,262.17537543916535
2024-06-04,73.0,Greed,53,1,24243.409999999996,52.211438,7.432953000000002,44.778484999999996,25,1.0,2.08845752,21.53634245347499
2024-06-05,75.0,Extreme Greed,54,1,25350.77,56.05550599999999,7.104059999999999,48.95144599999999,17,0.9411764705882353,3.2973827058823524,22.11195399587468
2024-06-06,78.0,Extreme Greed,234,1,137557.76000000015,274.1731869999999,37.079423999999975,237.09376299999997,102,0.9803921568627451,2.687972421568627,19.931495467794736
2024-06-07,77.0,Extreme Greed,440,3,1098588.7599999988,8902.467416,372.9626639999998,8529.504751999999,178,0.9887640449438202,50.013861887640445,81.0354860721496
2024-06-08,72.0,Greed,29,2,97351.87999999999,129.13883900000002,34.073136999999996,95.06570200000002,8,1.0,16.142354875000002,13.265161289129704
2024-06-09,75.0,Extreme Greed,17,2,22410.220000000005,0.0,7.515774999999997,-7.515774999999997,0,,,0.0
2024-06-10,72.0,Greed,53,2,46587.929999999986,31.266804999999998,14.696327999999994,16.570477000000004,18,1.0,1.737044722222222,6.711353133740865
2024-06-11,74.0,Greed,123,3,373279.92000000004,4320.631811000001,129.92821299999997,4190.703598000001,17,1.0,254.15481241176477,115.74776942193947
2024-06-12,72.0,Greed,254,2,193407.95999999993,-21886.531493,63.921417,-21950.45291,78,0.2692307692307692,-280.5965576025641,-1131.6251664616082
2024-06-13,70.0,Greed,79,2,132577.22000000003,6632.757114999999,33.399749999999926,6599.357365,20,0.95,331.63785574999997,500.2938751468765
2024-06-14,74.0,Greed,31,2,139868.65999999997,10258.592608999998,38.95407599999999,10219.638532999998,15,1.0,683.9061739333332,733.4446908263794
2024-06-15,74.0,Greed,78,2,718350.2499999999,3369.9583460000003,251.42254899999998,3118.5357970000005,38,1.0,88.68311436842106,46.91246847899059
2024-06-16,71.0,Greed,11,1,25235.079999999994,0.0,8.832277000000001,-8.832277000000001,0,,,0.0
2024-06-17,71.0,Greed,38,2,368380.11999999994,10599.502375000002,128.933025,10470.569350000002,26,0.9615384615384616,407.6731682692308,287.7327466802498
2024-06-18,74.0,Greed,25,2,263314.79000000004,282.57636,67.160258,215.41610200000002,4,1.0,70.64409,10.731503536128752
2024-06-19,64.0,Greed,61,3,417071.12000000005,4887.656944,138.85174299999997,4748.805201,31,1.0,157.6663530322581,117.19001171790555
2024-06-20,60.0,Greed,39,3,207990.8,57478.456026,13.469050000000001,57464.986976,8,1.0,7184.80700325,2763.509541095087
2024-06-21,63.0,Greed,80,2,176264.49000000008,773.5582039999999,61.27709899999998,712.2811049999999,3,1.0,257.85273466666666,43.88621916983957
2024-06-22,53.0,Neutral,24,2,169594.26999999996,756.876565,40.533382,716.3431830000001,8,1.0,94.609570625,44.62866375143454
2024-06-23,55.0,Greed,5,1,1792.1200000000001,0.0,0.17921199999999998,-0.17921199999999998,0,,,0.0
2024-06-24,51.0,Neutral,31,2,403002.79999999993,0.0,103.551001,-103.551001,0,,,0.0
2024-06-25,30.0,Fear,49,1,103099.07999999999,4869.353105000001,36.084651,4833.268454000001,11,1.0,442.6684640909092,472.29840508761106
2024-06-26,46.0,Neutral,72,2,365190.65999999957,4197.732182,127.55429999999996,4070.177882,21,1.0,199.89200866666664,114.94631823278299
2024-06-27,40.0,Fear,30,2,130486.95,0.0,45.556012,-45.556012,0,,,0.0
2024-06-29,30.0,Fear,75,2,280095.1099999999,6150.326145,460.2952310000001,5690.030914,24,1.0,256.263589375,219.57991858551196
2024-06-30,47.0,Neutral,14,2,30520.690000000002,0.0,17.057668999999997,-17.057668999999997,0,,,0.0
2024-07-01,53.0,Neutral,64,2,362670.15,5065.839308000001,425.323025,4640.516283000002,26,1.0,194.83997338461543,139.6817275422309
2024-07-02,51.0,Neutral,18,1,33347.47,2421.253116,11.458730000000001,2409.794386,13,1.0,186.25023969230767,726.0680093572315
2024-07-03,50.0,Neutral,18,2,179600.65999999997,1118.387284,62.628682000000005,1055.7586019999999,4,1.0,279.596821,62.2707780695238
2024-07-04,44.0,Fear,25,2,430568.01000000007,0.0,113.02464499999999,-113.02464499999999,0,,,0.0
2024-07-05,29.0,Fear,32,2,272289.89,0.0,95.13071699999996,-95.13071699999996,0,,,0.0
2024-07-06,26.0,Fear,24,1,2490.1699999999996,108.872178,344.35416,-235.48198199999996,7,1.0,15.553168285714287,437.2078131211926
2024-07-07,29.0,Fear,10,1,498.74999999999994,61.428942,0.049874999999999996,61.379067,10,1.0,6.1428942,1231.657984962406
2024-07-08,28.0,Fear,1,1,497.64,0.0,0.0156,-0.0156,0,,,0.0
2024-07-09,27.0,Fear,15,1,2736.45,648.9844120000001,0.39756800000000003,648.5868440000002,15,1.0,43.26562746666668,2371.6289791518216
2024-07-10,28.0,Fear,56,2,687900.2099999998,11977.734907,240.7650399999999,11736.969867,38,1.0,315.20355018421054,174.1202391404998
2024-07-11,29.0,Fear,19,1,169887.02000000002,1876.812082,59.460443000000005,1817.351639,9,1.0,208.53467577777778,110.47413051332585
2024-07-12,25.0,Fear,19,2,89582.97000000002,1412.314654,31.35402899999999,1380.960625,9,1.0,156.92385044444444,157.65436823539113
2024-07-13,25.0,Fear,17,2,139189.19,2913.6178370000002,48.71621,2864.901627,17,1.0,171.38928452941178,209.32788221556575
2024-07-14,33.0,Fear,7,1,84001.13,0.0,29.400389000000004,-29.400389000000004,0,,,0.0
2024-07-15,52.0,Neutral,26,2,198344.85,-1.0,68.99576900000002,-69.99576900000002,2,0.0,-0.5,-0.05041724047788485
2024-07-16,65.0,Greed,22,1,144000.57,0.0,50.400180999999996,-50.400180999999996,0,,,0.0
2024-07-17,69.0,Greed,351,3,626005.5300000008,1859.2694770000003,206.60191299999994,1652.6675640000003,155,0.9354838709677419,11.995286948387099,29.700527996933154
2024-07-18,61.0,Greed,60,2,649704.8499999999,3803.8843110000007,227.396664,3576.487647000001,48,1.0,79.24758981250001,58.547882334570865
2024-07-19,60.0,Greed,23,2,150269.42000000004,2155.891114,52.59428800000001,2103.296826,12,1.0,179.65759283333333,143.46838591644257
2024-07-20,74.0,Greed,266,2,244362.2100000001,2299.169565999999,80.75841799999998,2218.4111479999992,36,0.9166666666666666,63.865821277777755,94.08858947543477
2024-07-21,74.0,Greed,448,2,234307.45999999996,-2960.716887000001,64.72334000000006,-3025.440227000001,236,0.08898305084745763,-12.545410538135597,-126.36033385364689
2024-07-22,70.0,Greed,154,2,304213.7999999998,1517.1198760000002,97.45953599999997,1419.6603400000001,106,0.20754716981132076,14.312451660377361,49.870185902151746
2024-07-23,71.0,Greed,370,3,358526.53999999986,89890.30220600007,59.24312599999995,89831.05908000006,364,0.9038461538461539,246.95137968681337,2507.214729654326
2024-07-24,69.0,Greed,90,5,69207.93000000001,625.5614790000001,55.06727900000002,570.4942000000001,18,1.0,34.7534155,90.3886995319756
2024-07-25,68.0,Greed,78,3,528555.3099999999,916.7382600000001,224.18591599999993,692.5523440000002,10,1.0,91.673826,17.344225715942578
2024-07-26,68.0,Greed,152,4,548587.6499999999,2766.5131129999995,206.567015,2559.9460979999994,61,1.0,45.35267398360655,50.429737399301644
2024-07-27,72.0,Greed,57,2,905199.75,6400.623656000002,316.819894,6083.803762000001,42,1.0,152.39580133333337,70.70951639127166
2024-07-28,71.0,Greed,16,2,43254.68,587.2990300000001,15.139122,572.1599080000001,12,1.0,48.94158583333334,135.77699106778738
2024-07-29,74.0,Greed,39,2,327199.14000000013,330.804454,114.51968400000001,216.28477,16,1.0,20.675278375,10.110187147802403
2024-07-30,67.0,Greed,6,1,36006.47,0.0,12.602264000000002,-12.602264000000002,0,,,0.0
2024-07-31,61.0,Greed,43,2,84506.54000000002,765.690884,29.577266999999996,736.113617,14,1.0,54.692206,90.60729311601207
2024-08-01,52.0,Neutral,57,4,227774.52999999994,167.08001700000003,108.09503599999996,58.98498100000006,7,0.5714285714285714,23.86857385714286,7.335324849534321
2024-08-02,57.0,Greed,63,3,396320.3700000001,782.368191,145.52046200000004,636.847729,17,1.0,46.02165829411765,19.74080189216617
2024-08-03,37.0,Fear,37,5,290532.86,464.1897,108.653106,355.53659400000004,1,1.0,464.1897,15.977184129877772
2024-08-04,34.0,Fear,127,5,1207744.0699999998,-122672.000883,445.90223499999996,-123117.903118,65,0.046153846153846156,-1887.2615520461538,-1015.71188739515
2024-08-05,26.0,Fear,80,4,420495.3999999999,-13013.665168999998,202.7191579999999,-13216.384326999998,38,0.868421052631579,-342.464872868421,-309.4841267942527
2024-08-06,17.0,Extreme Fear,107,2,61478.37999999999,267.318048,62.62127899999997,204.69676900000002,26,0.5,10.281463384615384,43.4816350072985
2024-08-07,29.0,Fear,33,3,2492.77,188.789255,3.7522037999999998,185.0370512,10,1.0,18.8789255,757.3472682999234
2024-08-08,20.0,Extreme Fear,9,2,16299.349999999999,-40.712216999999995,6.647995,-47.360212,3,0.0,-13.570738999999998,-24.977816293287766
2024-08-09,48.0,Neutral,144,5,503204.86000000004,18082.071276,185.25438068,17896.81689532,58,0.7413793103448276,311.7598495862069,359.3381684747639
2024-08-10,40.0,Fear,88,2,11339.289999999997,0.0,50.083187899999984,-50.083187899999984,0,,,0.0
2024-08-11,39.0,Fear,24,2,44230.21000000001,847.7766200000001,40.931287000000005,806.8453330000001,4,1.0,211.94415500000002,191.6736592478308
2024-08-12,25.0,Fear,48,3,54167.32,858.6705000000001,36.071895,822.598605,6,1.0,143.11175,158.5218725977213
2024-08-13,31.0,Fear,23,3,20797.869999999995,212.08102,17.932876999999998,194.148143,8,1.0,26.5101275,101.97247121940855
2024-08-14,30.0,Fear,25,3,66710.03,2168.9015130000003,46.49310599999999,2122.4084070000004,5,1.0,433.7803026,325.1237502066781
2024-08-15,29.0,Fear,12,1,1522.3700000000001,0.0,16.50261,-16.50261,0,,,0.0
2024-08-16,27.0,Fear,35,2,166382.84,825.230544,81.18794199999998,744.042602,3,1.0,275.076848,49.59829655510148
2024-08-17,25.0,Fear,30,2,30248.960000000006,-288.283113,17.096539,-305.379652,1,0.0,-288.283113,-95.3034791939954
2024-08-18,31.0,Fear,15,2,62804.48,307.201888,21.981557000000002,285.220331,12,1.0,25.600157333333332,48.91400868218318
2024-08-19,28.0,Fear,8,1,100315.03,339.69958299999996,35.110257999999995,304.589325,5,1.0,67.93991659999999,33.86327881275617
2024-08-20,30.0,Fear,12,2,49914.799999999996,192.602844,17.470174,175.13267000000002,1,1.0,192.602844,38.586319889091016
2024-08-21,26.0,Fear,145,2,104990.40999999997,656.2009250000002,36.746582999999994,619.4543420000002,54,1.0,12.151868981481485,62.50103461830469
2024-08-23,34.0,Fear,10,1,63509.56,1005.30527,22.228341999999998,983.076928,3,1.0,335.10175666666663,158.2919595097179
2024-08-24,56.0,Greed,7,2,34999.67,0.0,12.249882,-12.249882,0,,,0.0
2024-08-25,54.0,Neutral,17,2,21950.279999999995,0.0,26.303603,-26.303603,0,,,0.0
2024-08-26,55.0,Greed,6,2,92611.27,231.236918,32.302932,198.933986,2,1.0,115.618459,24.968550587849624
2024-08-27,48.0,Neutral,50,2,70250.16000000005,0.0,52.05355199999999,-52.05355199999999,0,,,0.0
2024-08-28,30.0,Fear,9,2,71160.06999999999,1333.359645,24.906026000000004,1308.453619,2,1.0,666.6798225,187.37469552798362
2024-08-29,29.0,Fear,1,1,9995.85,0.0,3.498547,-3.498547,0,,,0.0
2024-08-30,34.0,Fear,6,4,37233.24,256.464,13.031175999999999,243.432824,1,1.0,256.464,68.88038752469568
2024-08-31,29.0,Fear,34,3,107507.43000000002,10.882801,39.95531500000001,-29.072514000000012,13,0.9230769230769231,0.8371385384615385,1.0122836161184392
2024-09-01,26.0,Fear,12,1,12359.68,137.433093,4.325861,133.107232,5,1.0,27.486618600000003,111.19470164276099
2024-09-02,26.0,Fear,2,1,30000.42,0.0,10.500148,-10.500148,0,,,0.0
2024-09-04,27.0,Fear,34,2,131480.97000000003,1065.785132,63.570226999999996,1002.2149049999999,8,0.625,133.2231415,81.06002959972076
2024-09-05,29.0,Fear,1,1,0.84,0.0,0.0,0.0,0,,,0.0
2024-09-06,22.0,Extreme Fear,42,2,39047.10000000001,-1104.856765,13.666475999999998,-1118.523241,38,0.0,-29.07517802631579,-282.9548839734576
2024-09-08,29.0,Fear,1,1,0.11,0.0,0.0,0.0,0,,,0.0
2024-09-09,26.0,Fear,2,1,4014.4300000000003,0.0,34.9079,-34.9079,0,,,0.0
2024-09-10,33.0,Fear,3,2,2547.28,-219.729659,7.2904,-227.020059,2,0.0,-109.8648295,-862.6050493074966
2024-09-11,37.0,Fear,1,1,0.54,0.0,0.0,0.0,0,,,0.0
2024-09-14,50.0,Neutral,11,2,1014.8000000000002,0.0,30.38133,-30.38133,0,,,0.0
2024-09-18,45.0,Neutral,145,1,13633.499999999993,-878.6847939999999,31.732942999999995,-910.4177369999999,134,0.0,-6.557349208955223,-644.5041948142447
2024-09-19,49.0,Neutral,19,1,1521.8700000000001,0.0,28.60766,-28.60766,0,,,0.0
2024-09-20,54.0,Neutral,16,2,332873.38,9585.03428,109.317031,9475.717249,9,0.8888888888888888,1065.003808888889,287.94835681964116
2024-09-21,54.0,Neutral,23,1,165648.12,36165.56933,57.97684099999999,36107.592488999995,23,1.0,1572.416057826087,2183.276775492532
2024-09-22,52.0,Neutral,3,1,19999.739999999998,0.0,6.999907,-6.999907,0,,,0.0
2024-09-23,50.0,Neutral,2,1,40334.29,334.760796,14.117002000000001,320.643794,1,1.0,334.760796,82.99657586634103
2024-09-24,54.0,Neutral,10,2,7118.629999999998,0.0,12.966142,-12.966142,0,,,0.0
2024-09-25,59.0,Greed,9,2,52754.13,0.0,17.764677,-17.764677,0,,,0.0
2024-09-26,50.0,Neutral,8,2,113711.93000000001,439.812513,31.348204,408.464309,2,1.0,219.9062565,38.67778103845392
2024-09-27,61.0,Greed,56,2,126097.04,0.0,37.503311,-37.503311,0,,,0.0
2024-09-28,64.0,Greed,4,1,29199.21,0.0,2.8031200000000003,-2.8031200000000003,0,,,0.0
2024-09-30,61.0,Greed,106,2,214669.85,2710.626288,65.637576,2644.988712,5,1.0,542.1252575999999,126.26953845637848
2024-10-01,50.0,Neutral,4,1,139954.32,0.0,48.98401,-48.98401,0,,,0.0
2024-10-02,42.0,Fear,4,1,99954.34000000001,0.0,34.984017,-34.984017,0,,,0.0
2024-10-03,37.0,Fear,9,2,132935.69,100.375782,46.527491,53.848291,3,1.0,33.458594,7.550702298231573
2024-10-04,41.0,Fear,1,1,0.34,0.0,0.0,0.0,0,,,0.0
2024-10-05,49.0,Neutral,37,2,605605.74,5767.161892,211.96177099999994,5555.200121,24,1.0,240.29841216666668,95.2296438273521
2024-10-06,50.0,Neutral,22,1,300130.56,130.487079,105.04569299999999,25.44138600000001,5,1.0,26.0974158,4.347677190886526
2024-10-07,50.0,Neutral,21,1,219984.65000000005,0.0,76.99461600000001,-76.99461600000001,0,,,0.0
2024-10-08,49.0,Neutral,36,2,434584.13000000006,5396.546638000001,152.10422000000003,5244.4424180000005,33,1.0,163.53171630303032,124.17725971723817
2024-10-09,49.0,Neutral,14,1,220399.93,396.06272,77.13996699999998,318.92275300000006,3,1.0,132.02090666666666,17.970183565847776
2024-10-10,39.0,Fear,16,1,300024.33999999997,0.0,105.00850999999999,-105.00850999999999,0,,,0.0
2024-10-11,32.0,Fear,26,2,488904.19000000006,8885.327477,171.11619399999998,8714.211283,18,1.0,493.6293042777778,181.73964671892054
2024-10-12,49.0,Neutral,10,1,159713.4,541.5547099999999,55.89968499999999,485.6550249999999,7,1.0,77.36495857142856,33.907906913258365
2024-10-13,50.0,Neutral,10,1,60002.42,0.0,21.000840999999998,-21.000840999999998,0,,,0.0
2024-10-14,48.0,Neutral,5,1,61916.02,1913.6195799999998,21.670603999999997,1891.948976,5,1.0,382.723916,309.0669555310564
2024-10-15,65.0,Greed,7,1,81173.36,1170.2260760000001,28.410673,1141.815403,4,1.0,292.55651900000004,144.16380891464885
2024-10-16,73.0,Greed,11,1,80229.17000000001,219.480876,28.080204000000002,191.400672,3,1.0,73.160292,27.35674269096888
2024-10-17,71.0,Greed,9,2,140531.75,36.11496,49.186107,-13.071146999999996,2,0.5,18.05748,2.569879048684728
2024-10-18,73.0,Greed,6,1,120331.43000000001,333.219141,42.115998000000005,291.103143,5,1.0,66.6438282,27.69177936304754
2024-10-19,72.0,Greed,4,1,99996.86,0.0,34.998901000000004,-34.998901000000004,0,,,0.0
2024-10-20,73.0,Greed,96,2,176447.8599999999,389.155797,59.25745899999999,329.898338,11,1.0,35.37779972727273,22.05500236727157
2024-10-21,72.0,Greed,173,2,324117.98999999993,2464.915564,109.85804299999997,2355.0575209999997,68,1.0,36.24875829411764,76.04994600885932
2024-10-22,70.0,Greed,3,1,60000.36,0.0,21.000124,-21.000124,0,,,0.0
2024-10-23,71.0,Greed,18,1,210006.06999999998,-46.489941,73.502111,-119.992052,3,0.0,-15.496647000000001,-2.2137427265792846
2024-10-25,72.0,Greed,30,2,427883.1799999999,13235.862071,143.84191400000003,13092.020156999999,21,1.0,630.2791462380952,309.33354452025907
2024-10-27,74.0,Greed,4,1,90664.41,666.6623079999999,31.73254,634.929768,3,1.0,222.22076933333332,73.53076118843104
2024-10-28,72.0,Greed,13,2,121495.25,167.28016200000002,42.27334000000001,125.006822,4,1.0,41.820040500000005,13.76845284074892
2024-10-29,72.0,Greed,53,2,613267.8100000003,801.170876,214.64371400000007,586.527162,3,1.0,267.0569586666667,13.063964273618073
2024-10-30,77.0,Extreme Greed,25,1,11830.850000000002,9.150023000000001,3.5969879999999996,5.553035000000001,8,0.875,1.1437528750000001,7.734036861256798
2024-10-31,77.0,Extreme Greed,48,3,896173.3600000002,1214.043811,312.71092799999997,901.332883,37,0.918918918918919,32.81199489189189,13.546975007157092
2024-11-01,75.0,Extreme Greed,23,2,260981.02999999994,1040.4757359999999,90.65487499999999,949.8208609999999,10,0.6,104.04757359999999,39.867868404075196
2024-11-02,72.0,Greed,2,1,40000.0,0.0,13.999997,-13.999997,0,,,0.0
2024-11-03,74.0,Greed,6,2,129055.66,0.0,40.404151999999996,-40.404151999999996,0,,,0.0
2024-11-04,70.0,Greed,36,2,451811.97000000003,2799.410474000001,158.13418,2641.276294000001,23,1.0,121.71349886956527,61.95963497824108
2024-11-05,70.0,Greed,10,1,200627.23,678.475928,70.21952399999999,608.256404,5,1.0,135.6951856,33.817738898154545
2024-11-06,70.0,Greed,15,2,123906.90000000001,2817.837229999999,43.36741,2774.4698199999993,9,0.7777777777777778,313.09302555555547,227.4156830652691
2024-11-07,77.0,Extreme Greed,113,3,111335.29999999986,4493.353136000001,26.17844238,4467.174693620001,60,1.0,74.88921893333334,403.58746381426255
2024-11-08,75.0,Extreme Greed,39,2,270700.44,-64.41354100000004,93.87825699999999,-158.29179800000003,16,0.375,-4.025846312500002,-2.3795137163426863
2024-11-09,75.0,Extreme Greed,86,2,193384.4100000001,102.90893999999999,66.18450300000002,36.724436999999966,44,0.4318181818181818,2.338839545454545,5.321470329485192
2024-11-10,78.0,Extreme Greed,173,3,413636.6999999997,991.1143339999994,142.31354599999995,848.8007879999994,51,1.0,19.43361439215685,23.960986392164916
2024-11-11,76.0,Extreme Greed,373,4,1570572.42,6749.630996,396.91054999999983,6352.720446,96,0.9583333333333334,70.30865620833333,42.97561137613763
2024-11-12,80.0,Extreme Greed,171,4,1226354.5199999993,3494.399394000001,427.9048530000001,3066.494541000001,42,0.8095238095238095,83.1999855714286,28.49420242688063
2024-11-13,84.0,Extreme Greed,48,5,515336.36999999994,7846.402273999999,179.18406799999994,7667.218206,32,0.84375,245.20007106249997,152.25787914018179
2024-11-14,88.0,Extreme Greed,110,2,1008361.8099999999,4563.509225,335.0288020000001,4228.480423,28,1.0,162.98247232142856,45.25666461922036
2024-11-15,80.0,Extreme Greed,149,4,1427858.4200000016,4140.740437999999,466.42751299999964,3674.3129249999993,55,1.0,75.28618978181817,28.999656968791026
2024-11-16,86.0,Extreme Greed,157,4,303296.07000000024,2769.521909,100.17130300000012,2669.350606,58,0.8275862068965517,47.75037774137931,91.31413766752723
2024-11-17,90.0,Extreme Greed,209,4,1215987.5699999994,882.975285,271.1116889999997,611.8635960000003,62,0.7903225806451613,14.24153685483871,7.261384135694747
2024-11-18,83.0,Extreme Greed,346,7,2084339.5799999984,4470.815187000002,445.1043390000001,4025.710848000002,156,0.7948717948717948,28.659071711538473,21.449552797917917
2024-11-19,90.0,Extreme Greed,305,5,628031.1500000004,2958.2689909999986,201.4869329999999,2756.782057999999,167,0.8982035928143712,17.71418557485029,47.103857682855335
2024-11-20,83.0,Extreme Greed,550,5,1999514.12,4210.092896999999,644.0573689999998,3566.035527999999,299,0.7324414715719063,14.080578250836115,21.055579727539
2024-11-21,82.0,Extreme Greed,535,5,598300.6199999996,1692.430891,198.62826700000005,1493.802624,255,0.6470588235294118,6.63698388627451,28.287299635424095
2024-11-22,94.0,Extreme Greed,679,6,1646713.619999999,-18105.34561699999,436.4390590000001,-18541.784675999992,352,0.59375,-51.43564095738634,-109.94835651508124
2024-11-23,93.0,Extreme Greed,363,4,516245.67999999993,2901.5316380000013,154.62186699999984,2746.9097710000015,149,0.8590604026845637,19.473366697986584,56.20447299433094
2024-11-24,80.0,Extreme Greed,172,3,664952.28,945.5503859999998,202.58312599999994,742.9672599999999,61,0.7540983606557377,15.500825999999996,14.219823202952243
2024-11-25,82.0,Extreme Greed,255,2,937410.87,5523.740734000006,283.7797009999999,5239.961033000007,149,0.7046979865771812,37.07208546308729,58.92550332811914
2024-11-26,79.0,Extreme Greed,302,4,1146902.4399999995,1094.809359,311.298478,783.5108810000002,128,0.6875,8.5531981171875,9.545793267298311
2024-11-27,75.0,Extreme Greed,213,2,1444242.5299999998,-2654.495633,439.71453600000007,-3094.210169,130,0.5692307692307692,-20.419197176923078,-18.37984672145059
2024-11-28,77.0,Extreme Greed,332,5,1894225.15,-127075.39958499999,315.58200900000026,-127390.981594,228,0.4780701754385965,-557.3482437938596,-670.8568914577023
2024-11-29,78.0,Extreme Greed,393,11,794262.9099999996,176844.994152,192.4517355699998,176652.54241643,209,0.9186602870813397,846.1482973779904,2226.5296783403883
2024-11-30,84.0,Extreme Greed,373,8,1732193.699999998,37316.693519999986,552.3753395000009,36764.318180499984,173,0.9075144508670521,215.703430751445,215.43025771309541
2024-12-01,81.0,Extreme Greed,416,9,814711.8199999996,40886.364494,245.38375137999964,40640.98074262,232,0.9525862068965517,176.23432971551725,501.8506358972431
2024-12-02,80.0,Extreme Greed,270,8,585243.5599999997,18489.604312999996,147.88781359,18341.716499409995,112,0.9821428571428571,165.08575279464281,315.93007726560893
2024-12-03,76.0,Extreme Greed,374,8,1084666.5300000005,23576.53928499999,330.57309170999963,23245.96619328999,177,0.9096045197740112,133.2007869209039,217.362098238617
2024-12-04,78.0,Extreme Greed,319,7,769287.6499999994,292891.81502099993,172.60641765000003,292719.2086033499,166,0.891566265060241,1764.4085242228912,3807.3120635824603
2024-12-05,84.0,Extreme Greed,456,8,1256750.7900000012,71574.11848800004,352.7657232299996,71221.35276477004,205,0.9414634146341463,349.1420414048782,569.5171951155087
2024-12-06,72.0,Greed,403,10,3471019.2200000053,-92624.64389499997,691.993785869999,-93316.63768086997,137,0.6861313868613139,-676.0922912043793,-266.85142900188214
2024-12-07,75.0,Extreme Greed,304,6,451733.42000000004,85906.27906700002,108.45203790000006,85797.82702910002,142,0.9225352112676056,604.9737962464791,1901.702979314659
2024-12-08,79.0,Extreme Greed,420,6,932939.72,15965.933436,234.17888346,15731.75455254,156,0.9743589743589743,102.34572715384616,171.13574536198328
2024-12-09,78.0,Extreme Greed,539,10,983949.6799999991,6310.967676,174.77343642999978,6136.194239570001,178,0.9662921348314607,35.45487458426967,64.13913032625821
2024-12-10,78.0,Extreme Greed,1596,11,3150424.0800000015,39325.77023100001,453.5406853500005,38872.22954565001,1123,0.8343722172751559,35.018495308103304,124.82690975051204
2024-12-11,74.0,Greed,1221,12,2194098.329999999,319051.55421699985,413.5092300599994,318638.0449869399,882,0.9863945578231292,361.7364560283445,1454.135167301276
2024-12-12,83.0,Extreme Greed,1932,14,4557189.869999986,599151.7950080021,698.9654515100001,598452.829556492,1417,0.9541284403669725,422.83118913761615,1314.7395919406886
2024-12-13,76.0,Extreme Greed,1173,11,2880824.640000003,31935.90174500002,453.2273763599988,31482.674368640022,489,0.9631901840490797,65.30859252556242,110.85680572698791
2024-12-14,83.0,Extreme Greed,1235,12,2369561.780000001,167801.39924399962,232.09144502999993,167569.30779896962,602,0.9717607973421927,278.73986585382,708.1537213349193
2024-12-15,80.0,Extreme Greed,1697,15,2583269.8100000005,97525.315279,231.33057037999913,97293.98470862,469,0.8891257995735607,207.9431029402985,377.5266327252126
2024-12-16,83.0,Extreme Greed,1055,13,2740808.9699999997,166774.34413299998,402.1500559999999,166372.19407699996,546,0.9798534798534798,305.4475167271062,608.4858374241237
2024-12-17,87.0,Extreme Greed,1941,16,5233597.629999993,219591.3051719999,746.1403859800016,218845.16478601992,873,0.9702176403207331,251.536432041237,419.58003021336623
2024-12-18,81.0,Extreme Greed,1429,13,3798887.069999993,13682.994672999987,691.4479702099981,12991.546702789989,743,0.7039030955585465,18.415874391655432,36.01842966340143
2024-12-19,75.0,Extreme Greed,3339,13,8241709.389999992,62744.00448600003,1056.233179079998,61687.771306920025,2196,0.9348816029143898,28.57195104098362,76.12984335765336
2024-12-20,74.0,Greed,2488,15,7681274.71,254969.66003899975,1210.8383057800008,253758.82173321975,1479,0.9350912778904665,172.39327926910056,331.9366507059865
2024-12-21,73.0,Greed,1681,8,4382875.12000001,150022.16315699994,680.3915971299996,149341.77155986996,934,0.9892933618843683,160.62330102462522,342.2916671123397
2024-12-22,73.0,Greed,774,8,3087320.219999997,352197.16397300013,333.05684452999986,351864.10712847015,353,0.9546742209631728,997.7256769773375,1140.7859855010456
2024-12-23,70.0,Greed,2347,14,6771878.2599999895,-29430.626576999894,1200.8969465700006,-30631.523523569893,1404,0.48504273504273504,-20.961984741452916,-43.46006447109393
2024-12-24,73.0,Greed,338,11,1767036.110000001,14813.780116000004,386.7824402300001,14426.997675770004,171,0.6666666666666666,86.6302930760234,83.83405427973962
2024-12-25,73.0,Greed,208,6,347889.35000000003,756.6570469999998,66.51878222,690.1382647799998,82,0.7682926829268293,9.227524963414632,21.749934196031003
2024-12-26,79.0,Extreme Greed,697,7,2205242.6500000004,60228.639721999905,523.35899848,59705.28072351991,371,0.9649595687331537,162.34134695956848,273.1157032628581
2024-12-27,74.0,Greed,260,7,347913.0000000001,2672.811035,88.55564659999996,2584.2553884000004,116,0.9482758620689655,23.041474439655175,76.82412082905782
2024-12-28,72.0,Greed,161,7,281555.01,940.6736230000001,48.40849262999998,892.2651303700002,46,0.8043478260869565,20.449426586956523,33.409940849569686
2024-12-29,73.0,Greed,201,7,344628.5399999997,2884.0679269999996,72.11735709999996,2811.9505698999997,64,1.0,45.063561359374994,83.68627644709872
2024-12-30,65.0,Greed,304,9,1073865.7300000002,9009.738137000004,284.9063204800001,8724.831816520003,122,0.9836065573770492,73.85031259836069,83.90004341604235
2024-12-31,64.0,Greed,306,6,877164.6199999995,5445.01281,266.5164111300003,5178.49639887,100,0.92,54.4501281,62.07515312234097
2025-01-01,66.0,Greed,96,6,282582.1000000001,-9528.065344999999,31.604382210000004,-9559.66972721,30,0.9666666666666667,-317.60217816666665,-337.17865869777296
2025-01-02,70.0,Greed,361,9,774674.8400000004,8716.519087,176.13969322999998,8540.379393770001,168,0.9821428571428571,51.884042184523814,112.51842240029373
2025-01-03,74.0,Greed,508,9,771208.9900000009,6028.486792999997,210.99783680999965,5817.488956189997,163,0.8466257668711656,36.984581552147226,78.1693013329628
2025-01-04,73.0,Greed,371,9,1826029.6199999999,2553.5379679999987,233.71197100000003,2319.8259969999986,85,0.8823529411764706,30.041623152941163,13.984099381695676
2025-01-05,72.0,Greed,239,8,451943.56999999954,3187.7193629999992,139.34161097000003,3048.377752029999,104,0.9615384615384616,30.65114772115384,70.53357044110624
2025-01-06,76.0,Extreme Greed,573,7,556526.989999999,6064.185392999998,174.93108825,5889.254304749998,121,0.7355371900826446,50.11723465289254,108.96480318052517
2025-01-07,78.0,Extreme Greed,637,6,1313178.0999999968,16098.227531000002,303.38645262999967,15794.841078370002,500,0.97,32.196455062000005,122.58982639902418
2025-01-08,70.0,Greed,1039,11,3177275.1800000006,130117.09055399997,696.9129103799999,129420.17764361997,422,0.9146919431279621,308.33433780568714,409.52414626548
2025-01-09,69.0,Greed,522,7,1020733.2500000007,46975.92890200002,275.51377942999994,46700.41512257002,169,0.8579881656804734,277.9640763431954,460.21748485218825
2025-01-10,50.0,Neutral,819,7,6547449.679999995,-10116.875552000021,2094.1791750499974,-12211.05472705002,488,0.8852459016393442,-20.731302360655782,-15.451627803881081
2025-01-11,69.0,Greed,283,7,1658098.7100000011,2269.080536,494.6479773500004,1774.4325586499995,88,0.7840909090909091,25.78500609090909,13.68483385407132
2025-01-12,62.0,Greed,602,7,2258459.170000006,5742.241802999997,612.0827526999998,5130.159050299997,475,0.9936842105263158,12.088930111578941,25.42548423844201
2025-01-13,61.0,Greed,408,11,2936648.0100000007,9655.429352,863.1001247799984,8792.329227220001,166,0.9518072289156626,58.16523706024096,32.879082951449796
2025-01-14,63.0,Greed,275,9,876581.9700000002,16069.512355000004,240.59104947999992,15828.921305520005,141,0.9716312056737588,113.96817273049649,183.32013325576386
2025-01-15,70.0,Greed,267,11,1801599.889999999,14819.588300000003,513.6089948200002,14305.979305180002,139,0.8848920863309353,106.61574316546765,82.25793297534011
2025-01-16,75.0,Extreme Greed,371,9,3049692.959999998,20807.709328,890.5691679600012,19917.14016004,141,0.900709219858156,147.5724065815603,68.22886631839822
2025-01-17,75.0,Extreme Greed,238,8,1110230.4599999997,7006.415607999997,351.4146488899999,6655.000959109997,127,0.9921259842519685,55.16862683464564,63.107758798114745
2025-01-18,77.0,Extreme Greed,651,12,2711629.879999993,443.233082000006,815.9342014599986,-372.7011194599926,280,0.8857142857142857,1.5829752928571643,1.6345633497740006
2025-01-19,77.0,Extreme Greed,1567,15,9715215.299999997,87923.79930200012,2162.3556397100006,85761.44366229011,434,0.7304147465437788,202.5893993133643,90.50113310612903
2025-01-20,76.0,Extreme Greed,1315,15,8287327.009999996,87277.23917299989,2207.6598196599984,85069.5793533399,808,0.8502475247524752,108.01638511509887,105.31410075611333
2025-01-21,76.0,Extreme Greed,530,8,1523729.820000001,11077.839420999997,398.30426530000034,10679.535155699996,214,0.9579439252336449,51.76560477102802,72.70212393034343
2025-01-22,84.0,Extreme Greed,832,10,1778406.4299999997,20524.408057000015,471.1701397599999,20053.237917240014,296,0.7905405405405406,69.33921640878384,115.40898475608873
2025-01-23,75.0,Extreme Greed,1218,12,3697028.660000002,101256.24216000013,1088.3498696800004,100167.89229032013,847,0.9504132231404959,119.54692108618669,273.8854671470144
2025-01-24,75.0,Extreme Greed,874,11,1611433.4499999988,10602.779738000003,338.6436010999996,10264.136136900004,499,0.9779559118236473,21.248055587174356,65.79719279130026
2025-01-25,75.0,Extreme Greed,506,11,1239377.6999999997,-10348.016255999995,318.93376206000033,-10666.950018059995,170,0.8294117647058824,-60.870683858823504,-83.49364569009107
2025-01-26,73.0,Greed,451,7,1201173.6599999995,40823.466667999994,382.2581542300005,40441.20851376999,206,0.9514563106796117,198.1721682912621,339.86315241045173
2025-01-27,71.0,Greed,773,15,1508028.3099999991,41331.76539200002,406.25916743000005,40925.506224570025,400,0.92,103.32941348000006,274.0781795535393
2025-01-28,72.0,Greed,498,8,579412.1700000003,17979.613973000003,124.71028462999999,17854.903688370003,328,0.9542682926829268,54.81589625914635,310.3078413592865
2025-01-29,72.0,Greed,910,9,1897513.4100000036,23421.011469999994,612.521145090001,22808.49032490999,393,0.9643765903307888,59.595449033078864,123.43001818363933
2025-01-30,70.0,Greed,1067,11,3014397.1700000023,23097.471385000004,874.6511157299998,22222.820269270003,423,0.8747044917257684,54.603951264775425,76.6238490895345
2025-01-31,76.0,Extreme Greed,1016,11,2783411.4800000037,35868.29677299993,670.9380515099991,35197.35872148993,586,0.9385665529010239,61.2086975648463,128.86451403512888
2025-02-01,68.0,Greed,634,12,1363746.4400000009,32300.205017000008,285.47738188999966,32014.727635110008,398,0.949748743718593,81.15629401256284,236.84905103766934
2025-02-02,60.0,Greed,1319,13,5661092.289999997,162854.75962299976,1184.122089209998,161670.63753378976,529,0.8941398865784499,307.85398794517914,287.67374082678987
2025-02-03,44.0,Fear,2380,12,22592901.370000005,348871.3262689998,2991.565624059993,345879.7606449398,1338,0.8243647234678625,260.7409015463376,154.41634545098697
2025-02-04,72.0,Greed,2512,13,15678409.270000031,416876.88812000054,3853.7785639400013,413023.1095560605,797,0.8720200752823086,523.0575760602266,265.89233699727225
2025-02-05,54.0,Neutral,1297,11,8743231.50999998,56706.23556199987,1335.7496166699984,55370.48594532987,507,0.8224852071005917,111.84661846548298,64.85729618064295
2025-02-06,49.0,Neutral,1703,11,2818508.8700000057,33803.799732999956,709.1303586100016,33094.66937438995,829,0.9469240048250904,40.7765979891435,119.93504825478831
2025-02-07,44.0,Fear,1524,13,3460263.5399999893,22450.002090999962,738.0892383399986,21711.912852659963,537,0.8007448789571695,41.806335364990616,64.87945739242748
2025-02-08,44.0,Fear,575,10,839734.969999996,586.7032529999972,109.9762861800004,476.7269668199968,122,0.9016393442622951,4.809043057377026,6.98676694386087
2025-02-09,46.0,Neutral,764,12,2920919.699999993,150551.82949199993,427.3618249599993,150124.46766703992,334,0.9850299401197605,450.75398051496984,515.4261155895531
2025-02-10,43.0,Fear,889,14,3624958.440000025,63908.49465000018,491.3623421000023,63417.13230790018,462,0.9199134199134199,138.3300750000004,176.3013168504071
2025-02-11,47.0,Neutral,848,12,2797544.169999994,-6093.784817000004,476.43012785000025,-6570.214944850005,326,0.5674846625766872,-18.692591463190197,-21.782622352661615
2025-02-12,46.0,Neutral,1031,12,4143974.5399999907,19848.635032,1099.1550311399976,18749.48000086,557,0.8563734290843806,35.63489233752244,47.89757958310247
2025-02-13,50.0,Neutral,1370,11,3199852.210000003,27829.534237999997,823.4874840199989,27006.046753979997,657,0.9756468797564688,42.35849960121765,86.97131120940104
2025-02-14,48.0,Neutral,1655,15,4007103.4199999976,213860.67530799969,961.5777157499982,212899.0975922497,802,0.885286783042394,266.65919614463803,533.7039075173153
2025-02-15,50.0,Neutral,932,12,1712852.9500000007,45042.92701000001,374.0873180199998,44668.83969198001,417,0.9616306954436451,108.0166115347722,262.97019256673485
2025-02-16,54.0,Neutral,681,10,806177.640000001,2369.478425,171.57200527999967,2197.90641972,349,0.8595988538681948,6.789336461318051,29.391517544445875
2025-02-17,51.0,Neutral,941,9,2031044.6400000025,1818.573295,253.48675563999996,1565.08653936,242,0.871900826446281,7.514765681818181,8.953881461709269
2025-02-18,47.0,Neutral,1676,11,3371128.6800000006,91204.67240300002,609.53940291,90595.13300009002,930,0.9225806451612903,98.06954021827958,270.5463987301725
2025-02-19,44.0,Fear,1361,10,3263930.23999999,14985.794701000028,688.4874495000006,14297.307251500028,640,0.909375,23.415304220312542,45.913342501462516
2025-02-20,49.0,Neutral,2012,11,4628609.290000011,46008.79410199997,1232.4640247499965,44776.33007724997,992,0.9717741935483871,46.37983276411288,99.40090255922176
2025-02-21,55.0,Greed,1873,14,3972159.880000001,119693.4939500001,829.7183137699975,118863.77563623012,1012,0.9664031620553359,118.27420350790524,301.33100772872234
2025-02-22,49.0,Neutral,686,10,3175570.199999999,25278.704177999993,880.1646339699989,24398.539544029994,352,0.96875,71.81450050568179,79.60366984801658
2025-02-23,50.0,Neutral,520,12,1141310.7399999993,10656.934250999997,230.00271917000003,10426.931531829998,243,0.9629629629629629,43.855696506172826,93.37451999268843
2025-02-24,49.0,Neutral,5616,14,11223619.59000006,38470.17624199974,2097.964433240009,36372.211808759734,2527,0.8816778789077958,15.223655022556288,34.276087080032205
2025-02-25,25.0,Fear,6246,18,19414984.359999985,204762.17703400014,3186.6150643100223,201575.5619696901,2141,0.7603923400280242,95.63856937599259,105.46605304296021
2025-02-26,21.0,Extreme Fear,1176,13,4946958.130000004,63229.06312899997,754.1725466699991,62474.89058232997,850,0.928235294117647,74.38713309294114,127.81402524019327
2025-02-27,10.0,Extreme Fear,890,9,1999898.4300000006,-36525.16751699999,512.1459733099997,-37037.313490309985,420,0.5880952380952381,-86.96468456428569,-182.6351127091988
2025-02-28,16.0,Extreme Fear,1019,13,4123660.7700000047,225628.1087479999,878.3982639600007,224749.7104840399,409,0.9682151589242054,551.6579675990218,547.154873624582
2025-03-01,20.0,Extreme Fear,174,5,263824.13000000006,10596.108968,37.06354538999998,10559.045422610001,84,0.9285714285714286,126.14415438095239,401.63532304645514
2025-03-02,26.0,Fear,532,10,6460848.739999997,66914.32070800003,1931.6969420100017,64982.62376599003,281,0.9501779359430605,238.1292551886122,103.56893250529815
2025-03-03,33.0,Fear,1482,14,8244590.379999998,616413.0322330015,1040.5640424200017,615372.4681905815,945,0.9650793650793651,652.2889229978853,747.6575594687115
2025-03-04,15.0,Extreme Fear,2402,16,11124247.149999984,182075.5665849999,2220.3364852800037,179855.2300997199,818,0.7444987775061125,222.5862672188263,163.67450680471458
2025-03-05,20.0,Extreme Fear,1660,13,9193654.220000016,269328.36591700034,2321.321510849996,267007.04440615035,1279,0.9843627834245504,210.57729938780324,292.95028883194163
2025-03-06,25.0,Fear,760,12,6765324.9600000195,16101.125560999999,1306.6171632599999,14794.508397739999,382,0.9554973821989529,42.14954335340314,23.799485843175155
2025-03-07,34.0,Fear,2552,14,19854275.480000064,150236.06162699984,4916.501046870004,145319.56058012985,1431,0.9315164220824598,104.98676563731645,75.66937498088919
2025-03-08,28.0,Fear,529,13,892083.5099999995,24700.773359,208.33977299999975,24492.433586,303,0.9933993399339934,81.52070415511551,276.88857693378964
2025-03-09,27.0,Fear,1422,12,10419697.990000006,19773.457394999972,2377.0639268,17396.39346819997,627,1.0,31.536614665071728,18.97699665957397
2025-03-10,20.0,Extreme Fear,2911,14,16811790.679999996,-10010.027269999946,3488.37247123001,-13498.399741229956,1334,0.8673163418290855,-7.503768568215851,-5.954170772485462
2025-03-11,24.0,Extreme Fear,3286,16,14016952.090000015,-76880.72903599989,2441.0802420399978,-79321.80927803989,1197,0.5146198830409356,-64.22784380618202,-54.848392533814966
2025-03-12,34.0,Fear,3968,13,18618139.150000036,288105.98421500024,3658.413571969997,284447.5706430302,2333,0.9601371624517788,123.49163489712826,154.7447797515251
2025-03-13,45.0,Neutral,962,13,3285591.2199999993,14114.870873,809.1867071699993,13305.68416583,490,0.8979591836734694,28.805858924489797,42.95991171111056
2025-03-14,27.0,Fear,2210,10,8047187.1600000365,68646.16008899992,1193.48707492,67452.67301407992,1922,0.981789802289282,35.7160042086368,85.30454023763454
2025-03-15,46.0,Neutral,261,8,2355749.539999998,78694.62457199997,574.3328880000005,78120.29168399997,189,0.8201058201058201,416.3736749841268,334.0534434403414
2025-03-16,30.0,Fear,530,8,10187921.509999985,-7910.943544999993,2442.483002179998,-10353.426547179992,220,0.5590909090909091,-35.958834295454515,-7.765022077599423
2025-03-17,32.0,Fear,920,11,3592895.0500000035,26163.906512999998,807.7400079800011,25356.166505019995,483,0.8633540372670807,54.16957870186335,72.82123788447417
2025-03-18,34.0,Fear,834,13,4050655.4700000035,72322.78882399996,857.9361310000012,71464.85269299996,246,0.7642276422764228,293.99507652032503,178.54589055928741
2025-03-19,32.0,Fear,1612,12,4598813.569999992,29374.68234099996,784.4900710184003,28590.19226998156,775,0.8658064516129033,37.90281592387092,63.8744795671289
2025-03-20,49.0,Neutral,771,13,1652257.9299999995,10246.859436000004,329.23544599999997,9917.623990000004,440,0.7159090909090909,23.28831690000001,62.01731128020676
2025-03-21,31.0,Fear,698,9,2543903.390000002,6951.2703740000015,633.4606828299995,6317.809691170002,349,1.0,19.917680154727798,27.325213690603224
2025-03-22,32.0,Fear,535,8,971809.4199999999,12498.535253999995,268.8348019700001,12229.700452029994,331,0.7673716012084593,37.75992523867068,128.61097038964692
2025-03-23,30.0,Fear,447,10,2593519.6700000004,14047.421585000002,597.2160140300002,13450.205570970002,146,1.0,96.21521633561645,54.16354364877441
2025-03-24,45.0,Neutral,1027,13,3017587.0499999924,107878.96130100003,531.1053513699985,107347.85594963003,671,0.9418777943368107,160.77341475558873,357.5007431881718
2025-03-25,46.0,Neutral,791,13,5372519.770000001,32030.906779999998,1401.3539857699998,30629.552794229996,390,0.7333333333333333,82.1305302051282,59.619895600681964
2025-03-26,47.0,Neutral,3102,17,7597754.370000034,15802.167427000004,1796.803516089996,14005.363910910008,1618,0.5197775030902348,9.766481722496913,20.798471044806803
2025-03-27,40.0,Fear,785,11,3240279.460000001,58825.35922099994,714.0241193000008,58111.33510169994,265,0.9886792452830189,221.98248762641487,181.5440919438471
2025-03-28,44.0,Fear,728,11,1483092.6099999996,21337.179334999983,389.28339504999917,20947.895939949984,234,0.9871794871794872,91.1845270726495,143.86950073872993
2025-03-29,26.0,Fear,1894,10,3668151.830000012,12098.872931000004,839.8445146200002,11259.028416380002,940,0.7170212765957447,12.871141415957451,32.983566361809956
2025-03-30,32.0,Fear,568,9,2850874.959999999,15795.115140000002,759.0717532700003,15036.043386730002,106,0.8867924528301887,149.01052018867927,55.404447271864946
2025-03-31,34.0,Fear,495,12,2164772.4699999965,6978.1845570000005,482.0016311099996,6496.182925890001,292,0.886986301369863,23.897892318493152,32.23518708642859
2025-04-01,34.0,Fear,192,9,704445.1900000002,-2202.662242000001,162.93599482,-2365.5982368200007,122,0.7213114754098361,-18.05460854098361,-31.268042897702237
2025-04-02,44.0,Fear,1076,11,3867930.5999999987,202212.74093799977,1181.2230378999993,201031.51790009977,964,0.9989626556016598,209.764254085062,522.7930949381558
2025-04-03,25.0,Fear,1748,17,8670233.149999997,-2365.9612759999995,1337.1188527000033,-3703.080128700003,634,0.8201892744479495,-3.7318001198738164,-2.7288323567169592
2025-04-04,28.0,Fear,1272,14,3835545.729999999,-25515.678949999954,836.0634093610008,-26351.742359360956,689,0.7155297532656023,-37.032915747460024,-66.52424647274368
2025-04-05,30.0,Fear,360,10,1267564.219999999,35907.33770999997,282.0603439999998,35625.27736599997,215,0.9720930232558139,167.0108730697673,283.27825244231013
2025-04-06,34.0,Fear,1048,14,3551252.059999996,47053.44927199999,618.4359126335,46435.013359366494,346,0.9595375722543352,135.9926279537572,132.49819634599535
2025-04-07,23.0,Extreme Fear,2814,18,14460253.140000015,34527.37030500009,2766.555101402906,31760.815203597187,1263,0.5328582739509106,27.33758535629461,23.877431446542474
2025-04-08,24.0,Extreme Fear,943,17,8869391.399999991,34899.39479799997,2274.9776910600012,32624.41710693997,461,0.8373101952277657,75.70367635140991,39.34812798767682
2025-04-09,18.0,Extreme Fear,3967,20,28556806.46999997,43120.44479699996,6111.274358193963,37009.170438805995,2224,0.7679856115107914,19.388689207284155,15.099883399882145
2025-04-10,39.0,Fear,2127,19,28741953.29000006,158261.82226099976,6868.556500781983,151393.26576021776,1331,0.845229151014275,118.90444948234392,55.06300169100283
2025-04-11,25.0,Fear,1096,16,11319327.07,126406.47908100001,2174.439078090102,124232.04000290991,453,0.8123620309050773,279.043000178808,111.67313948902442
2025-04-12,43.0,Fear,2109,20,55914617.489999965,410419.69453299954,11517.596374457016,398902.09815854253,721,0.7961165048543689,569.2367469251034,73.40114498796329
2025-04-13,45.0,Neutral,1321,17,14171154.790000036,48696.02152099999,2568.3362202649178,46127.68530073507,566,0.8445229681978799,86.0353737120141,34.36277582357836
2025-04-14,31.0,Fear,890,14,13079972.980000028,45680.443063000035,2023.157718566998,43657.28534443304,418,0.8995215311004785,109.28335661004793,34.923958277932115
2025-04-15,38.0,Fear,1131,14,20752168.239999946,72357.70628199996,1866.904759390002,70490.80152260995,652,0.9923312883435583,110.97807711963183,34.86754031924721
2025-04-16,29.0,Fear,1608,17,36502715.899999976,58631.730257000076,5997.61790529001,52634.112351710064,807,0.677819083023544,72.65394083890963,16.06229257505744
2025-04-17,30.0,Fear,1031,12,2604551.51,5427.919886000001,519.2087369199998,4908.711149080001,369,0.8482384823848238,14.709809989159893,20.840132610777207
2025-04-18,33.0,Fear,1894,12,24610650.459999945,4880.404744000065,4667.327931770012,213.0768122300533,992,0.9788306451612904,4.919762846774259,1.9830458166606604
2025-04-19,32.0,Fear,2786,15,32706462.710000113,71950.57749500005,6480.626332689998,65469.95116231005,1022,0.7964774951076321,70.40173923189829,21.998886927323056
2025-04-20,37.0,Fear,1982,12,12126094.049999978,25060.341935999957,1887.3296081058058,23173.01232789415,962,0.8212058212058212,26.050251492723447,20.66645849246073
2025-04-21,39.0,Fear,1718,14,42104054.840000056,34369.26790699996,6356.091063880004,28013.176843119953,852,0.7946009389671361,40.3395163227699,8.162935384158812
2025-04-22,47.0,Neutral,2998,15,33753625.239999875,58652.76357800015,5749.685750999998,52903.077827000154,1288,0.6894409937888198,45.53785992080757,17.376730102606412
2025-04-23,72.0,Greed,6159,19,30682443.79000004,-419020.22573099943,7342.080841880033,-426362.3065728795,4139,0.48320850446967867,-101.2370683090117,-136.56677043031547
2025-04-24,63.0,Greed,2232,15,35088918.63999993,50704.395965,7366.500319935323,43337.89564506468,1186,0.7782462057335582,42.752441791736935,14.450258922256744
2025-04-25,60.0,Greed,1653,16,27749455.78,20218.859205999957,6299.093254738209,13919.765951261748,730,0.873972602739726,27.697067405479395,7.286218283449145
2025-04-26,65.0,Greed,1131,12,11948127.769999957,-4125.75394200001,2652.3067535199943,-6778.060695520005,552,0.3532608695652174,-7.474191923913062,-3.453054755874966
2025-04-27,61.0,Greed,337,9,487537.6899999999,2702.067468,55.92677265619997,2646.1406953438004,163,0.7361963190184049,16.577101030674847,55.42274009625801
2025-04-28,54.0,Neutral,1379,8,26124921.489999957,36906.813759000055,6007.251403530109,30899.562355469945,722,0.796398891966759,51.11747058033249,14.127052505450463
2025-04-29,60.0,Greed,2243,7,34089511.66000003,125749.61342699993,5149.2952871531115,120600.31813984682,1034,0.937137330754352,121.61471317891676,36.88806536191954
2025-04-30,56.0,Greed,1113,8,12693878.85,14003.79726899999,2950.1837728754936,11053.613496124497,329,0.8966565349544073,42.5647333404255,11.03192919554293
2025-05-01,53.0,Neutral,1230,11,10720240.519999979,54536.82929700006,2652.6136779658063,51884.21561903426,674,0.7863501483679525,80.91517699851642,50.872766516063365
